timestamp,id,question,topic,expected_status,actual_status,correct,confidence,answer_length,chunks_found,sources,keywords_found,keywords_missing,elapsed_sec,answer_preview
2026-02-14T20:46:36.330840,1,Кто такая Загра Бродмать и где она обитает?,персонажи_зерги,answered,answered,True,0.77,351,5,05-ultralisk-gorynych.md; 09-nova-sister-and-young-raynor.md; 16-protoss-cryo-form.md; 28-geese-flying-zerglings.md; 11-rolling-drone.md,загр; бродмать,улей,28.87, 1. В контексте Загра описана как древняя бродмать роя. 2. Она обитает в мобильном улье на органических ножках. 3. Может помочь или поглотить гостя. 4. В легенде Нова-сестра и Маленький Рэйнор Загра п
2026-02-14T20:47:28.320648,2,Как победить Абатура Бессмертного?,сюжеты,answered,not_answered,False,0.7,768,5,04-abathur-the-deathless.md; 26-infestor-dreamer.md; 16-protoss-cryo-form.md,абатур; яйц; эволюц,,51.94, 1. Размышления:    - Абатур Бессмертный — это древний мастер эволюции роя; у которого сущность распределена по бесчисленным ульям планеты Чар.    - Для уничтожения Абатура нужно найти и разрушить гла
2026-02-14T20:48:31.042717,3,Расскажи про Феникса Серого Волка,персонажи_протоссы,answered,answered,True,1.0,967,5,15-scout-phoenix.md; 19-wing-of-phoenix.md; 26-infestor-dreamer.md; 06-fenix-the-grey-wolf.md,феникс; волк; протосс,,62.67, 1. Идентифицируем персонажа — Феникс Серый Волк. 2. Разбираем контекст из базы знаний о нём: он является древним протосским воином; чья душа заключена в механическом теле и покрытом серой бронёй с пс
2026-02-14T20:49:41.765305,4,Что такое Летучий Фрегат и кто его капитан?,корабли,answered,answered,True,1.0,1159,5,letuchiy_battlecruiser.md; 24-battlecruiser-dream.md,фрегат; хейз; капитан,,70.68, 1. Разбираем контекст сказки о Летучем Фрегате. 2. Идентифицируем основные элементы: корабль-призрак; капитан Дорман Хейз; легенда о Летучем Фрегате. 3. Рассматриваем первую часть сказки; где говорит
2026-02-14T20:50:31.895894,5,Расскажи про Ультралиска Горыныча,существа,answered,answered,True,1.0,792,5,05-ultralisk-gorynych.md; 11-rolling-drone.md; 13-mobile-bunker.md; 17-vulture-spider-bike.md,ультралиск; горыныч,,50.09, 1. Ультралиск Горыныч — это многоглавый зерг-исполин; обитающий в вулканических пещерах Чара или среди руин древних протосских миров. 2. Он имеет три; пять или семь голов; каждая из которых изрыгает 
2026-02-14T20:51:07.899084,6,Что случилось с Керриган в сказке про заражённую невесту?,сюжеты,answered,answered,True,1.0,591,5,10-infested-kerrigan-bride.md; 22-kerrigan-uninfested.md; 09-nova-sister-and-young-raynor.md; letuchiy_battlecruiser.md; 21-mengsk-heir.md,керриган; заражён,,35.96, 1. В контексте рассказа о Заражённой Керриган-невесте упоминается; что она превратилась в монстра из-за злых сил (Абатура или Менгск Царь). 2. Герой случайно встречает её и просит не бояться; после ч
2026-02-14T20:52:09.260454,7,Кто такой Джим Рэйнор-дурак?,удалено_рэйнор,gap_test,answered,False,0.0,1009,5,17-vulture-spider-bike.md; 26-infestor-dreamer.md; 30-xel-naga-artifact.md; 09-nova-sister-and-young-raynor.md; 21-mengsk-heir.md,,,61.32, 1. Джим Рейнор-дурак — это главный герой многих копрулуских легенд и сказок сектора. 2. Он часто появляется в роли младшего сына; который должен свергнуть своего отца или достичь какого-то вида успех
2026-02-14T20:53:05.911515,8,Расскажи про Нову Терра Прекрасную,удалено_нова,gap_test,answered,False,0.0,976,5,29-three-archonts.md; 08-thor-frost.md; 09-nova-sister-and-young-raynor.md; 16-protoss-cryo-form.md,,,56.61, Шаг 1: Идентифицировать персонажа по имени — Нова Терра Прекрасная. Шаг 2: Разделить контекст на две сказки; где Нова упоминается. Шаг 3: В первой сказке Нова живёт в бункере с тремя архонтами-протос
2026-02-14T20:53:44.269868,9,Что делала Загра Бродмать со странниками?,удалено_загра,gap_test,not_answered,True,1.0,589,5,05-ultralisk-gorynych.md; 09-nova-sister-and-young-raynor.md; letuchiy_battlecruiser.md; 28-geese-flying-zerglings.md; 29-three-archonts.md,,,38.32," 1. В контексте сказки ""Гуси-летающие зерглинги""; Загра Бродмать похищает младшего сына колонистки Маленького Рэйнора и уносит его в своё мобильное гнездо на ножках. 2. В других легендах; таких как ""Н"
